image,label
data/Img_txts/img011-001.csv,A
data/Img_txts/img011-002.csv,A
data/Img_txts/img011-003.csv,A
data/Img_txts/img011-004.csv,A
data/Img_txts/img011-005.csv,A
data/Img_txts/img011-006.csv,A
data/Img_txts/img011-007.csv,A
data/Img_txts/img011-008.csv,A
data/Img_txts/img011-009.csv,A
data/Img_txts/img011-010.csv,A
data/Img_txts/img011-011.csv,A
data/Img_txts/img011-012.csv,A
data/Img_txts/img011-013.csv,A
data/Img_txts/img011-014.csv,A
data/Img_txts/img011-015.csv,A
data/Img_txts/img011-016.csv,A
data/Img_txts/img011-017.csv,A
data/Img_txts/img011-018.csv,A
data/Img_txts/img011-019.csv,A
data/Img_txts/img011-020.csv,A
data/Img_txts/img011-021.csv,A
data/Img_txts/img011-022.csv,A
data/Img_txts/img011-023.csv,A
data/Img_txts/img011-024.csv,A
data/Img_txts/img011-025.csv,A
data/Img_txts/img011-026.csv,A
data/Img_txts/img011-027.csv,A
data/Img_txts/img011-028.csv,A
data/Img_txts/img011-029.csv,A
data/Img_txts/img011-030.csv,A
data/Img_txts/img011-031.csv,A
data/Img_txts/img011-032.csv,A
data/Img_txts/img011-033.csv,A
data/Img_txts/img011-034.csv,A
data/Img_txts/img011-035.csv,A
data/Img_txts/img011-036.csv,A
data/Img_txts/img011-037.csv,A
data/Img_txts/img011-038.csv,A
data/Img_txts/img011-039.csv,A
data/Img_txts/img011-040.csv,A
data/Img_txts/img011-041.csv,A
data/Img_txts/img011-042.csv,A
data/Img_txts/img011-043.csv,A
data/Img_txts/img011-044.csv,A
data/Img_txts/img011-045.csv,A
data/Img_txts/img011-046.csv,A
data/Img_txts/img011-047.csv,A
data/Img_txts/img011-048.csv,A
data/Img_txts/img011-049.csv,A
data/Img_txts/img011-050.csv,A
data/Img_txts/img011-051.csv,A
data/Img_txts/img011-052.csv,A
data/Img_txts/img011-053.csv,A
data/Img_txts/img011-054.csv,A
data/Img_txts/img011-055.csv,A
data/Img_txts/img012-001.csv,B
data/Img_txts/img012-002.csv,B
data/Img_txts/img012-003.csv,B
data/Img_txts/img012-004.csv,B
data/Img_txts/img012-005.csv,B
data/Img_txts/img012-006.csv,B
data/Img_txts/img012-007.csv,B
data/Img_txts/img012-008.csv,B
data/Img_txts/img012-009.csv,B
data/Img_txts/img012-010.csv,B
data/Img_txts/img012-011.csv,B
data/Img_txts/img012-012.csv,B
data/Img_txts/img012-013.csv,B
data/Img_txts/img012-014.csv,B
data/Img_txts/img012-015.csv,B
data/Img_txts/img012-016.csv,B
data/Img_txts/img012-017.csv,B
data/Img_txts/img012-018.csv,B
data/Img_txts/img012-019.csv,B
data/Img_txts/img012-020.csv,B
data/Img_txts/img012-021.csv,B
data/Img_txts/img012-022.csv,B
data/Img_txts/img012-023.csv,B
data/Img_txts/img012-024.csv,B
data/Img_txts/img012-025.csv,B
data/Img_txts/img012-026.csv,B
data/Img_txts/img012-027.csv,B
data/Img_txts/img012-028.csv,B
data/Img_txts/img012-029.csv,B
data/Img_txts/img012-030.csv,B
data/Img_txts/img012-031.csv,B
data/Img_txts/img012-032.csv,B
data/Img_txts/img012-033.csv,B
data/Img_txts/img012-034.csv,B
data/Img_txts/img012-035.csv,B
data/Img_txts/img012-036.csv,B
data/Img_txts/img012-037.csv,B
data/Img_txts/img012-038.csv,B
data/Img_txts/img012-039.csv,B
data/Img_txts/img012-040.csv,B
data/Img_txts/img012-041.csv,B
data/Img_txts/img012-042.csv,B
data/Img_txts/img012-043.csv,B
data/Img_txts/img012-044.csv,B
data/Img_txts/img012-045.csv,B
data/Img_txts/img012-046.csv,B
data/Img_txts/img012-047.csv,B
data/Img_txts/img012-048.csv,B
data/Img_txts/img012-049.csv,B
data/Img_txts/img012-050.csv,B
data/Img_txts/img012-051.csv,B
data/Img_txts/img012-052.csv,B
data/Img_txts/img012-053.csv,B
data/Img_txts/img012-054.csv,B
data/Img_txts/img012-055.csv,B
data/Img_txts/img013-001.csv,C
data/Img_txts/img013-002.csv,C
data/Img_txts/img013-003.csv,C
data/Img_txts/img013-004.csv,C
data/Img_txts/img013-005.csv,C
data/Img_txts/img013-006.csv,C
data/Img_txts/img013-007.csv,C
data/Img_txts/img013-008.csv,C
data/Img_txts/img013-009.csv,C
data/Img_txts/img013-010.csv,C
data/Img_txts/img013-011.csv,C
data/Img_txts/img013-012.csv,C
data/Img_txts/img013-013.csv,C
data/Img_txts/img013-014.csv,C
data/Img_txts/img013-015.csv,C
data/Img_txts/img013-016.csv,C
data/Img_txts/img013-017.csv,C
data/Img_txts/img013-018.csv,C
data/Img_txts/img013-019.csv,C
data/Img_txts/img013-020.csv,C
data/Img_txts/img013-021.csv,C
data/Img_txts/img013-022.csv,C
data/Img_txts/img013-023.csv,C
data/Img_txts/img013-024.csv,C
data/Img_txts/img013-025.csv,C
data/Img_txts/img013-026.csv,C
data/Img_txts/img013-027.csv,C
data/Img_txts/img013-028.csv,C
data/Img_txts/img013-029.csv,C
data/Img_txts/img013-030.csv,C
data/Img_txts/img013-031.csv,C
data/Img_txts/img013-032.csv,C
data/Img_txts/img013-033.csv,C
data/Img_txts/img013-034.csv,C
data/Img_txts/img013-035.csv,C
data/Img_txts/img013-036.csv,C
data/Img_txts/img013-037.csv,C
data/Img_txts/img013-038.csv,C
data/Img_txts/img013-039.csv,C
data/Img_txts/img013-040.csv,C
data/Img_txts/img013-041.csv,C
data/Img_txts/img013-042.csv,C
data/Img_txts/img013-043.csv,C
data/Img_txts/img013-044.csv,C
data/Img_txts/img013-045.csv,C
data/Img_txts/img013-046.csv,C
data/Img_txts/img013-047.csv,C
data/Img_txts/img013-048.csv,C
data/Img_txts/img013-049.csv,C
data/Img_txts/img013-050.csv,C
data/Img_txts/img013-051.csv,C
data/Img_txts/img013-052.csv,C
data/Img_txts/img013-053.csv,C
data/Img_txts/img013-054.csv,C
data/Img_txts/img013-055.csv,C
data/Img_txts/img014-001.csv,D
data/Img_txts/img014-002.csv,D
data/Img_txts/img014-003.csv,D
data/Img_txts/img014-004.csv,D
data/Img_txts/img014-005.csv,D
data/Img_txts/img014-006.csv,D
data/Img_txts/img014-007.csv,D
data/Img_txts/img014-008.csv,D
data/Img_txts/img014-009.csv,D
data/Img_txts/img014-010.csv,D
data/Img_txts/img014-011.csv,D
data/Img_txts/img014-012.csv,D
data/Img_txts/img014-013.csv,D
data/Img_txts/img014-014.csv,D
data/Img_txts/img014-015.csv,D
data/Img_txts/img014-016.csv,D
data/Img_txts/img014-017.csv,D
data/Img_txts/img014-018.csv,D
data/Img_txts/img014-019.csv,D
data/Img_txts/img014-020.csv,D
data/Img_txts/img014-021.csv,D
data/Img_txts/img014-022.csv,D
data/Img_txts/img014-023.csv,D
data/Img_txts/img014-024.csv,D
data/Img_txts/img014-025.csv,D
data/Img_txts/img014-026.csv,D
data/Img_txts/img014-027.csv,D
data/Img_txts/img014-028.csv,D
data/Img_txts/img014-029.csv,D
data/Img_txts/img014-030.csv,D
data/Img_txts/img014-031.csv,D
data/Img_txts/img014-032.csv,D
data/Img_txts/img014-033.csv,D
data/Img_txts/img014-034.csv,D
data/Img_txts/img014-035.csv,D
data/Img_txts/img014-036.csv,D
data/Img_txts/img014-037.csv,D
data/Img_txts/img014-038.csv,D
data/Img_txts/img014-039.csv,D
data/Img_txts/img014-040.csv,D
data/Img_txts/img014-041.csv,D
data/Img_txts/img014-042.csv,D
data/Img_txts/img014-043.csv,D
data/Img_txts/img014-044.csv,D
data/Img_txts/img014-045.csv,D
data/Img_txts/img014-046.csv,D
data/Img_txts/img014-047.csv,D
data/Img_txts/img014-048.csv,D
data/Img_txts/img014-049.csv,D
data/Img_txts/img014-050.csv,D
data/Img_txts/img014-051.csv,D
data/Img_txts/img014-052.csv,D
data/Img_txts/img014-053.csv,D
data/Img_txts/img014-054.csv,D
data/Img_txts/img014-055.csv,D
data/Img_txts/img015-001.csv,E
data/Img_txts/img015-002.csv,E
data/Img_txts/img015-003.csv,E
data/Img_txts/img015-004.csv,E
data/Img_txts/img015-005.csv,E
data/Img_txts/img015-006.csv,E
data/Img_txts/img015-007.csv,E
data/Img_txts/img015-008.csv,E
data/Img_txts/img015-009.csv,E
data/Img_txts/img015-010.csv,E
data/Img_txts/img015-011.csv,E
data/Img_txts/img015-012.csv,E
data/Img_txts/img015-013.csv,E
data/Img_txts/img015-014.csv,E
data/Img_txts/img015-015.csv,E
data/Img_txts/img015-016.csv,E
data/Img_txts/img015-017.csv,E
data/Img_txts/img015-018.csv,E
data/Img_txts/img015-019.csv,E
data/Img_txts/img015-020.csv,E
data/Img_txts/img015-021.csv,E
data/Img_txts/img015-022.csv,E
data/Img_txts/img015-023.csv,E
data/Img_txts/img015-024.csv,E
data/Img_txts/img015-025.csv,E
data/Img_txts/img015-026.csv,E
data/Img_txts/img015-027.csv,E
data/Img_txts/img015-028.csv,E
data/Img_txts/img015-029.csv,E
data/Img_txts/img015-030.csv,E
data/Img_txts/img015-031.csv,E
data/Img_txts/img015-032.csv,E
data/Img_txts/img015-033.csv,E
data/Img_txts/img015-034.csv,E
data/Img_txts/img015-035.csv,E
data/Img_txts/img015-036.csv,E
data/Img_txts/img015-037.csv,E
data/Img_txts/img015-038.csv,E
data/Img_txts/img015-039.csv,E
data/Img_txts/img015-040.csv,E
data/Img_txts/img015-041.csv,E
data/Img_txts/img015-042.csv,E
data/Img_txts/img015-043.csv,E
data/Img_txts/img015-044.csv,E
data/Img_txts/img015-045.csv,E
data/Img_txts/img015-046.csv,E
data/Img_txts/img015-047.csv,E
data/Img_txts/img015-048.csv,E
data/Img_txts/img015-049.csv,E
data/Img_txts/img015-050.csv,E
data/Img_txts/img015-051.csv,E
data/Img_txts/img015-052.csv,E
data/Img_txts/img015-053.csv,E
data/Img_txts/img015-054.csv,E
data/Img_txts/img015-055.csv,E
data/Img_txts/img016-001.csv,F
data/Img_txts/img016-002.csv,F
data/Img_txts/img016-003.csv,F
data/Img_txts/img016-004.csv,F
data/Img_txts/img016-005.csv,F
data/Img_txts/img016-006.csv,F
data/Img_txts/img016-007.csv,F
data/Img_txts/img016-008.csv,F
data/Img_txts/img016-009.csv,F
data/Img_txts/img016-010.csv,F
data/Img_txts/img016-011.csv,F
data/Img_txts/img016-012.csv,F
data/Img_txts/img016-013.csv,F
data/Img_txts/img016-014.csv,F
data/Img_txts/img016-015.csv,F
data/Img_txts/img016-016.csv,F
data/Img_txts/img016-017.csv,F
data/Img_txts/img016-018.csv,F
data/Img_txts/img016-019.csv,F
data/Img_txts/img016-020.csv,F
data/Img_txts/img016-021.csv,F
data/Img_txts/img016-022.csv,F
data/Img_txts/img016-023.csv,F
data/Img_txts/img016-024.csv,F
data/Img_txts/img016-025.csv,F
data/Img_txts/img016-026.csv,F
data/Img_txts/img016-027.csv,F
data/Img_txts/img016-028.csv,F
data/Img_txts/img016-029.csv,F
data/Img_txts/img016-030.csv,F
data/Img_txts/img016-031.csv,F
data/Img_txts/img016-032.csv,F
data/Img_txts/img016-033.csv,F
data/Img_txts/img016-034.csv,F
data/Img_txts/img016-035.csv,F
data/Img_txts/img016-036.csv,F
data/Img_txts/img016-037.csv,F
data/Img_txts/img016-038.csv,F
data/Img_txts/img016-039.csv,F
data/Img_txts/img016-040.csv,F
data/Img_txts/img016-041.csv,F
data/Img_txts/img016-042.csv,F
data/Img_txts/img016-043.csv,F
data/Img_txts/img016-044.csv,F
data/Img_txts/img016-045.csv,F
data/Img_txts/img016-046.csv,F
data/Img_txts/img016-047.csv,F
data/Img_txts/img016-048.csv,F
data/Img_txts/img016-049.csv,F
data/Img_txts/img016-050.csv,F
data/Img_txts/img016-051.csv,F
data/Img_txts/img016-052.csv,F
data/Img_txts/img016-053.csv,F
data/Img_txts/img016-054.csv,F
data/Img_txts/img016-055.csv,F
data/Img_txts/img017-001.csv,G
data/Img_txts/img017-002.csv,G
data/Img_txts/img017-003.csv,G
data/Img_txts/img017-004.csv,G
data/Img_txts/img017-005.csv,G
data/Img_txts/img017-006.csv,G
data/Img_txts/img017-007.csv,G
data/Img_txts/img017-008.csv,G
data/Img_txts/img017-009.csv,G
data/Img_txts/img017-010.csv,G
data/Img_txts/img017-011.csv,G
data/Img_txts/img017-012.csv,G
data/Img_txts/img017-013.csv,G
data/Img_txts/img017-014.csv,G
data/Img_txts/img017-015.csv,G
data/Img_txts/img017-016.csv,G
data/Img_txts/img017-017.csv,G
data/Img_txts/img017-018.csv,G
data/Img_txts/img017-019.csv,G
data/Img_txts/img017-020.csv,G
data/Img_txts/img017-021.csv,G
data/Img_txts/img017-022.csv,G
data/Img_txts/img017-023.csv,G
data/Img_txts/img017-024.csv,G
data/Img_txts/img017-025.csv,G
data/Img_txts/img017-026.csv,G
data/Img_txts/img017-027.csv,G
data/Img_txts/img017-028.csv,G
data/Img_txts/img017-029.csv,G
data/Img_txts/img017-030.csv,G
data/Img_txts/img017-031.csv,G
data/Img_txts/img017-032.csv,G
data/Img_txts/img017-033.csv,G
data/Img_txts/img017-034.csv,G
data/Img_txts/img017-035.csv,G
data/Img_txts/img017-036.csv,G
data/Img_txts/img017-037.csv,G
data/Img_txts/img017-038.csv,G
data/Img_txts/img017-039.csv,G
data/Img_txts/img017-040.csv,G
data/Img_txts/img017-041.csv,G
data/Img_txts/img017-042.csv,G
data/Img_txts/img017-043.csv,G
data/Img_txts/img017-044.csv,G
data/Img_txts/img017-045.csv,G
data/Img_txts/img017-046.csv,G
data/Img_txts/img017-047.csv,G
data/Img_txts/img017-048.csv,G
data/Img_txts/img017-049.csv,G
data/Img_txts/img017-050.csv,G
data/Img_txts/img017-051.csv,G
data/Img_txts/img017-052.csv,G
data/Img_txts/img017-053.csv,G
data/Img_txts/img017-054.csv,G
data/Img_txts/img017-055.csv,G
data/Img_txts/img018-001.csv,H
data/Img_txts/img018-002.csv,H
data/Img_txts/img018-003.csv,H
data/Img_txts/img018-004.csv,H
data/Img_txts/img018-005.csv,H
data/Img_txts/img018-006.csv,H
data/Img_txts/img018-007.csv,H
data/Img_txts/img018-008.csv,H
data/Img_txts/img018-009.csv,H
data/Img_txts/img018-010.csv,H
data/Img_txts/img018-011.csv,H
data/Img_txts/img018-012.csv,H
data/Img_txts/img018-013.csv,H
data/Img_txts/img018-014.csv,H
data/Img_txts/img018-015.csv,H
data/Img_txts/img018-016.csv,H
data/Img_txts/img018-017.csv,H
data/Img_txts/img018-018.csv,H
data/Img_txts/img018-019.csv,H
data/Img_txts/img018-020.csv,H
data/Img_txts/img018-021.csv,H
data/Img_txts/img018-022.csv,H
data/Img_txts/img018-023.csv,H
data/Img_txts/img018-024.csv,H
data/Img_txts/img018-025.csv,H
data/Img_txts/img018-026.csv,H
data/Img_txts/img018-027.csv,H
data/Img_txts/img018-028.csv,H
data/Img_txts/img018-029.csv,H
data/Img_txts/img018-030.csv,H
data/Img_txts/img018-031.csv,H
data/Img_txts/img018-032.csv,H
data/Img_txts/img018-033.csv,H
data/Img_txts/img018-034.csv,H
data/Img_txts/img018-035.csv,H
data/Img_txts/img018-036.csv,H
data/Img_txts/img018-037.csv,H
data/Img_txts/img018-038.csv,H
data/Img_txts/img018-039.csv,H
data/Img_txts/img018-040.csv,H
data/Img_txts/img018-041.csv,H
data/Img_txts/img018-042.csv,H
data/Img_txts/img018-043.csv,H
data/Img_txts/img018-044.csv,H
data/Img_txts/img018-045.csv,H
data/Img_txts/img018-046.csv,H
data/Img_txts/img018-047.csv,H
data/Img_txts/img018-048.csv,H
data/Img_txts/img018-049.csv,H
data/Img_txts/img018-050.csv,H
data/Img_txts/img018-051.csv,H
data/Img_txts/img018-052.csv,H
data/Img_txts/img018-053.csv,H
data/Img_txts/img018-054.csv,H
data/Img_txts/img018-055.csv,H
data/Img_txts/img019-001.csv,I
data/Img_txts/img019-002.csv,I
data/Img_txts/img019-003.csv,I
data/Img_txts/img019-004.csv,I
data/Img_txts/img019-005.csv,I
data/Img_txts/img019-006.csv,I
data/Img_txts/img019-007.csv,I
data/Img_txts/img019-008.csv,I
data/Img_txts/img019-009.csv,I
data/Img_txts/img019-010.csv,I
data/Img_txts/img019-011.csv,I
data/Img_txts/img019-012.csv,I
data/Img_txts/img019-013.csv,I
data/Img_txts/img019-014.csv,I
data/Img_txts/img019-015.csv,I
data/Img_txts/img019-016.csv,I
data/Img_txts/img019-017.csv,I
data/Img_txts/img019-018.csv,I
data/Img_txts/img019-019.csv,I
data/Img_txts/img019-020.csv,I
data/Img_txts/img019-021.csv,I
data/Img_txts/img019-022.csv,I
data/Img_txts/img019-023.csv,I
data/Img_txts/img019-024.csv,I
data/Img_txts/img019-025.csv,I
data/Img_txts/img019-026.csv,I
data/Img_txts/img019-027.csv,I
data/Img_txts/img019-028.csv,I
data/Img_txts/img019-029.csv,I
data/Img_txts/img019-030.csv,I
data/Img_txts/img019-031.csv,I
data/Img_txts/img019-032.csv,I
data/Img_txts/img019-033.csv,I
data/Img_txts/img019-034.csv,I
data/Img_txts/img019-035.csv,I
data/Img_txts/img019-036.csv,I
data/Img_txts/img019-037.csv,I
data/Img_txts/img019-038.csv,I
data/Img_txts/img019-039.csv,I
data/Img_txts/img019-040.csv,I
data/Img_txts/img019-041.csv,I
data/Img_txts/img019-042.csv,I
data/Img_txts/img019-043.csv,I
data/Img_txts/img019-044.csv,I
data/Img_txts/img019-045.csv,I
data/Img_txts/img019-046.csv,I
data/Img_txts/img019-047.csv,I
data/Img_txts/img019-048.csv,I
data/Img_txts/img019-049.csv,I
data/Img_txts/img019-050.csv,I
data/Img_txts/img019-051.csv,I
data/Img_txts/img019-052.csv,I
data/Img_txts/img019-053.csv,I
data/Img_txts/img019-054.csv,I
data/Img_txts/img019-055.csv,I
data/Img_txts/img020-001.csv,J
data/Img_txts/img020-002.csv,J
data/Img_txts/img020-003.csv,J
data/Img_txts/img020-004.csv,J
data/Img_txts/img020-005.csv,J
data/Img_txts/img020-006.csv,J
data/Img_txts/img020-007.csv,J
data/Img_txts/img020-008.csv,J
data/Img_txts/img020-009.csv,J
data/Img_txts/img020-010.csv,J
data/Img_txts/img020-011.csv,J
data/Img_txts/img020-012.csv,J
data/Img_txts/img020-013.csv,J
data/Img_txts/img020-014.csv,J
data/Img_txts/img020-015.csv,J
data/Img_txts/img020-016.csv,J
data/Img_txts/img020-017.csv,J
data/Img_txts/img020-018.csv,J
data/Img_txts/img020-019.csv,J
data/Img_txts/img020-020.csv,J
data/Img_txts/img020-021.csv,J
data/Img_txts/img020-022.csv,J
data/Img_txts/img020-023.csv,J
data/Img_txts/img020-024.csv,J
data/Img_txts/img020-025.csv,J
data/Img_txts/img020-026.csv,J
data/Img_txts/img020-027.csv,J
data/Img_txts/img020-028.csv,J
data/Img_txts/img020-029.csv,J
data/Img_txts/img020-030.csv,J
data/Img_txts/img020-031.csv,J
data/Img_txts/img020-032.csv,J
data/Img_txts/img020-033.csv,J
data/Img_txts/img020-034.csv,J
data/Img_txts/img020-035.csv,J
data/Img_txts/img020-036.csv,J
data/Img_txts/img020-037.csv,J
data/Img_txts/img020-038.csv,J
data/Img_txts/img020-039.csv,J
data/Img_txts/img020-040.csv,J
data/Img_txts/img020-041.csv,J
data/Img_txts/img020-042.csv,J
data/Img_txts/img020-043.csv,J
data/Img_txts/img020-044.csv,J
data/Img_txts/img020-045.csv,J
data/Img_txts/img020-046.csv,J
data/Img_txts/img020-047.csv,J
data/Img_txts/img020-048.csv,J
data/Img_txts/img020-049.csv,J
data/Img_txts/img020-050.csv,J
data/Img_txts/img020-051.csv,J
data/Img_txts/img020-052.csv,J
data/Img_txts/img020-053.csv,J
data/Img_txts/img020-054.csv,J
data/Img_txts/img020-055.csv,J
data/Img_txts/img021-001.csv,K
data/Img_txts/img021-002.csv,K
data/Img_txts/img021-003.csv,K
data/Img_txts/img021-004.csv,K
data/Img_txts/img021-005.csv,K
data/Img_txts/img021-006.csv,K
data/Img_txts/img021-007.csv,K
data/Img_txts/img021-008.csv,K
data/Img_txts/img021-009.csv,K
data/Img_txts/img021-010.csv,K
data/Img_txts/img021-011.csv,K
data/Img_txts/img021-012.csv,K
data/Img_txts/img021-013.csv,K
data/Img_txts/img021-014.csv,K
data/Img_txts/img021-015.csv,K
data/Img_txts/img021-016.csv,K
data/Img_txts/img021-017.csv,K
data/Img_txts/img021-018.csv,K
data/Img_txts/img021-019.csv,K
data/Img_txts/img021-020.csv,K
data/Img_txts/img021-021.csv,K
data/Img_txts/img021-022.csv,K
data/Img_txts/img021-023.csv,K
data/Img_txts/img021-024.csv,K
data/Img_txts/img021-025.csv,K
data/Img_txts/img021-026.csv,K
data/Img_txts/img021-027.csv,K
data/Img_txts/img021-028.csv,K
data/Img_txts/img021-029.csv,K
data/Img_txts/img021-030.csv,K
data/Img_txts/img021-031.csv,K
data/Img_txts/img021-032.csv,K
data/Img_txts/img021-033.csv,K
data/Img_txts/img021-034.csv,K
data/Img_txts/img021-035.csv,K
data/Img_txts/img021-036.csv,K
data/Img_txts/img021-037.csv,K
data/Img_txts/img021-038.csv,K
data/Img_txts/img021-039.csv,K
data/Img_txts/img021-040.csv,K
data/Img_txts/img021-041.csv,K
data/Img_txts/img021-042.csv,K
data/Img_txts/img021-043.csv,K
data/Img_txts/img021-044.csv,K
data/Img_txts/img021-045.csv,K
data/Img_txts/img021-046.csv,K
data/Img_txts/img021-047.csv,K
data/Img_txts/img021-048.csv,K
data/Img_txts/img021-049.csv,K
data/Img_txts/img021-050.csv,K
data/Img_txts/img021-051.csv,K
data/Img_txts/img021-052.csv,K
data/Img_txts/img021-053.csv,K
data/Img_txts/img021-054.csv,K
data/Img_txts/img021-055.csv,K
data/Img_txts/img022-001.csv,L
data/Img_txts/img022-002.csv,L
data/Img_txts/img022-003.csv,L
data/Img_txts/img022-004.csv,L
data/Img_txts/img022-005.csv,L
data/Img_txts/img022-006.csv,L
data/Img_txts/img022-007.csv,L
data/Img_txts/img022-008.csv,L
data/Img_txts/img022-009.csv,L
data/Img_txts/img022-010.csv,L
data/Img_txts/img022-011.csv,L
data/Img_txts/img022-012.csv,L
data/Img_txts/img022-013.csv,L
data/Img_txts/img022-014.csv,L
data/Img_txts/img022-015.csv,L
data/Img_txts/img022-016.csv,L
data/Img_txts/img022-017.csv,L
data/Img_txts/img022-018.csv,L
data/Img_txts/img022-019.csv,L
data/Img_txts/img022-020.csv,L
data/Img_txts/img022-021.csv,L
data/Img_txts/img022-022.csv,L
data/Img_txts/img022-023.csv,L
data/Img_txts/img022-024.csv,L
data/Img_txts/img022-025.csv,L
data/Img_txts/img022-026.csv,L
data/Img_txts/img022-027.csv,L
data/Img_txts/img022-028.csv,L
data/Img_txts/img022-029.csv,L
data/Img_txts/img022-030.csv,L
data/Img_txts/img022-031.csv,L
data/Img_txts/img022-032.csv,L
data/Img_txts/img022-033.csv,L
data/Img_txts/img022-034.csv,L
data/Img_txts/img022-035.csv,L
data/Img_txts/img022-036.csv,L
data/Img_txts/img022-037.csv,L
data/Img_txts/img022-038.csv,L
data/Img_txts/img022-039.csv,L
data/Img_txts/img022-040.csv,L
data/Img_txts/img022-041.csv,L
data/Img_txts/img022-042.csv,L
data/Img_txts/img022-043.csv,L
data/Img_txts/img022-044.csv,L
data/Img_txts/img022-045.csv,L
data/Img_txts/img022-046.csv,L
data/Img_txts/img022-047.csv,L
data/Img_txts/img022-048.csv,L
data/Img_txts/img022-049.csv,L
data/Img_txts/img022-050.csv,L
data/Img_txts/img022-051.csv,L
data/Img_txts/img022-052.csv,L
data/Img_txts/img022-053.csv,L
data/Img_txts/img022-054.csv,L
data/Img_txts/img022-055.csv,L
data/Img_txts/img023-001.csv,M
data/Img_txts/img023-002.csv,M
data/Img_txts/img023-003.csv,M
data/Img_txts/img023-004.csv,M
data/Img_txts/img023-005.csv,M
data/Img_txts/img023-006.csv,M
data/Img_txts/img023-007.csv,M
data/Img_txts/img023-008.csv,M
data/Img_txts/img023-009.csv,M
data/Img_txts/img023-010.csv,M
data/Img_txts/img023-011.csv,M
data/Img_txts/img023-012.csv,M
data/Img_txts/img023-013.csv,M
data/Img_txts/img023-014.csv,M
data/Img_txts/img023-015.csv,M
data/Img_txts/img023-016.csv,M
data/Img_txts/img023-017.csv,M
data/Img_txts/img023-018.csv,M
data/Img_txts/img023-019.csv,M
data/Img_txts/img023-020.csv,M
data/Img_txts/img023-021.csv,M
data/Img_txts/img023-022.csv,M
data/Img_txts/img023-023.csv,M
data/Img_txts/img023-024.csv,M
data/Img_txts/img023-025.csv,M
data/Img_txts/img023-026.csv,M
data/Img_txts/img023-027.csv,M
data/Img_txts/img023-028.csv,M
data/Img_txts/img023-029.csv,M
data/Img_txts/img023-030.csv,M
data/Img_txts/img023-031.csv,M
data/Img_txts/img023-032.csv,M
data/Img_txts/img023-033.csv,M
data/Img_txts/img023-034.csv,M
data/Img_txts/img023-035.csv,M
data/Img_txts/img023-036.csv,M
data/Img_txts/img023-037.csv,M
data/Img_txts/img023-038.csv,M
data/Img_txts/img023-039.csv,M
data/Img_txts/img023-040.csv,M
data/Img_txts/img023-041.csv,M
data/Img_txts/img023-042.csv,M
data/Img_txts/img023-043.csv,M
data/Img_txts/img023-044.csv,M
data/Img_txts/img023-045.csv,M
data/Img_txts/img023-046.csv,M
data/Img_txts/img023-047.csv,M
data/Img_txts/img023-048.csv,M
data/Img_txts/img023-049.csv,M
data/Img_txts/img023-050.csv,M
data/Img_txts/img023-051.csv,M
data/Img_txts/img023-052.csv,M
data/Img_txts/img023-053.csv,M
data/Img_txts/img023-054.csv,M
data/Img_txts/img023-055.csv,M
data/Img_txts/img024-001.csv,N
data/Img_txts/img024-002.csv,N
data/Img_txts/img024-003.csv,N
data/Img_txts/img024-004.csv,N
data/Img_txts/img024-005.csv,N
data/Img_txts/img024-006.csv,N
data/Img_txts/img024-007.csv,N
data/Img_txts/img024-008.csv,N
data/Img_txts/img024-009.csv,N
data/Img_txts/img024-010.csv,N
data/Img_txts/img024-011.csv,N
data/Img_txts/img024-012.csv,N
data/Img_txts/img024-013.csv,N
data/Img_txts/img024-014.csv,N
data/Img_txts/img024-015.csv,N
data/Img_txts/img024-016.csv,N
data/Img_txts/img024-017.csv,N
data/Img_txts/img024-018.csv,N
data/Img_txts/img024-019.csv,N
data/Img_txts/img024-020.csv,N
data/Img_txts/img024-021.csv,N
data/Img_txts/img024-022.csv,N
data/Img_txts/img024-023.csv,N
data/Img_txts/img024-024.csv,N
data/Img_txts/img024-025.csv,N
data/Img_txts/img024-026.csv,N
data/Img_txts/img024-027.csv,N
data/Img_txts/img024-028.csv,N
data/Img_txts/img024-029.csv,N
data/Img_txts/img024-030.csv,N
data/Img_txts/img024-031.csv,N
data/Img_txts/img024-032.csv,N
data/Img_txts/img024-033.csv,N
data/Img_txts/img024-034.csv,N
data/Img_txts/img024-035.csv,N
data/Img_txts/img024-036.csv,N
data/Img_txts/img024-037.csv,N
data/Img_txts/img024-038.csv,N
data/Img_txts/img024-039.csv,N
data/Img_txts/img024-040.csv,N
data/Img_txts/img024-041.csv,N
data/Img_txts/img024-042.csv,N
data/Img_txts/img024-043.csv,N
data/Img_txts/img024-044.csv,N
data/Img_txts/img024-045.csv,N
data/Img_txts/img024-046.csv,N
data/Img_txts/img024-047.csv,N
data/Img_txts/img024-048.csv,N
data/Img_txts/img024-049.csv,N
data/Img_txts/img024-050.csv,N
data/Img_txts/img024-051.csv,N
data/Img_txts/img024-052.csv,N
data/Img_txts/img024-053.csv,N
data/Img_txts/img024-054.csv,N
data/Img_txts/img024-055.csv,N
data/Img_txts/img025-001.csv,O
data/Img_txts/img025-002.csv,O
data/Img_txts/img025-003.csv,O
data/Img_txts/img025-004.csv,O
data/Img_txts/img025-005.csv,O
data/Img_txts/img025-006.csv,O
data/Img_txts/img025-007.csv,O
data/Img_txts/img025-008.csv,O
data/Img_txts/img025-009.csv,O
data/Img_txts/img025-010.csv,O
data/Img_txts/img025-011.csv,O
data/Img_txts/img025-012.csv,O
data/Img_txts/img025-013.csv,O
data/Img_txts/img025-014.csv,O
data/Img_txts/img025-015.csv,O
data/Img_txts/img025-016.csv,O
data/Img_txts/img025-017.csv,O
data/Img_txts/img025-018.csv,O
data/Img_txts/img025-019.csv,O
data/Img_txts/img025-020.csv,O
data/Img_txts/img025-021.csv,O
data/Img_txts/img025-022.csv,O
data/Img_txts/img025-023.csv,O
data/Img_txts/img025-024.csv,O
data/Img_txts/img025-025.csv,O
data/Img_txts/img025-026.csv,O
data/Img_txts/img025-027.csv,O
data/Img_txts/img025-028.csv,O
data/Img_txts/img025-029.csv,O
data/Img_txts/img025-030.csv,O
data/Img_txts/img025-031.csv,O
data/Img_txts/img025-032.csv,O
data/Img_txts/img025-033.csv,O
data/Img_txts/img025-034.csv,O
data/Img_txts/img025-035.csv,O
data/Img_txts/img025-036.csv,O
data/Img_txts/img025-037.csv,O
data/Img_txts/img025-038.csv,O
data/Img_txts/img025-039.csv,O
data/Img_txts/img025-040.csv,O
data/Img_txts/img025-041.csv,O
data/Img_txts/img025-042.csv,O
data/Img_txts/img025-043.csv,O
data/Img_txts/img025-044.csv,O
data/Img_txts/img025-045.csv,O
data/Img_txts/img025-046.csv,O
data/Img_txts/img025-047.csv,O
data/Img_txts/img025-048.csv,O
data/Img_txts/img025-049.csv,O
data/Img_txts/img025-050.csv,O
data/Img_txts/img025-051.csv,O
data/Img_txts/img025-052.csv,O
data/Img_txts/img025-053.csv,O
data/Img_txts/img025-054.csv,O
data/Img_txts/img025-055.csv,O
data/Img_txts/img026-001.csv,P
data/Img_txts/img026-002.csv,P
data/Img_txts/img026-003.csv,P
data/Img_txts/img026-004.csv,P
data/Img_txts/img026-005.csv,P
data/Img_txts/img026-006.csv,P
data/Img_txts/img026-007.csv,P
data/Img_txts/img026-008.csv,P
data/Img_txts/img026-009.csv,P
data/Img_txts/img026-010.csv,P
data/Img_txts/img026-011.csv,P
data/Img_txts/img026-012.csv,P
data/Img_txts/img026-013.csv,P
data/Img_txts/img026-014.csv,P
data/Img_txts/img026-015.csv,P
data/Img_txts/img026-016.csv,P
data/Img_txts/img026-017.csv,P
data/Img_txts/img026-018.csv,P
data/Img_txts/img026-019.csv,P
data/Img_txts/img026-020.csv,P
data/Img_txts/img026-021.csv,P
data/Img_txts/img026-022.csv,P
data/Img_txts/img026-023.csv,P
data/Img_txts/img026-024.csv,P
data/Img_txts/img026-025.csv,P
data/Img_txts/img026-026.csv,P
data/Img_txts/img026-027.csv,P
data/Img_txts/img026-028.csv,P
data/Img_txts/img026-029.csv,P
data/Img_txts/img026-030.csv,P
data/Img_txts/img026-031.csv,P
data/Img_txts/img026-032.csv,P
data/Img_txts/img026-033.csv,P
data/Img_txts/img026-034.csv,P
data/Img_txts/img026-035.csv,P
data/Img_txts/img026-036.csv,P
data/Img_txts/img026-037.csv,P
data/Img_txts/img026-038.csv,P
data/Img_txts/img026-039.csv,P
data/Img_txts/img026-040.csv,P
data/Img_txts/img026-041.csv,P
data/Img_txts/img026-042.csv,P
data/Img_txts/img026-043.csv,P
data/Img_txts/img026-044.csv,P
data/Img_txts/img026-045.csv,P
data/Img_txts/img026-046.csv,P
data/Img_txts/img026-047.csv,P
data/Img_txts/img026-048.csv,P
data/Img_txts/img026-049.csv,P
data/Img_txts/img026-050.csv,P
data/Img_txts/img026-051.csv,P
data/Img_txts/img026-052.csv,P
data/Img_txts/img026-053.csv,P
data/Img_txts/img026-054.csv,P
data/Img_txts/img026-055.csv,P
data/Img_txts/img027-001.csv,Q
data/Img_txts/img027-002.csv,Q
data/Img_txts/img027-003.csv,Q
data/Img_txts/img027-004.csv,Q
data/Img_txts/img027-005.csv,Q
data/Img_txts/img027-006.csv,Q
data/Img_txts/img027-007.csv,Q
data/Img_txts/img027-008.csv,Q
data/Img_txts/img027-009.csv,Q
data/Img_txts/img027-010.csv,Q
data/Img_txts/img027-011.csv,Q
data/Img_txts/img027-012.csv,Q
data/Img_txts/img027-013.csv,Q
data/Img_txts/img027-014.csv,Q
data/Img_txts/img027-015.csv,Q
data/Img_txts/img027-016.csv,Q
data/Img_txts/img027-017.csv,Q
data/Img_txts/img027-018.csv,Q
data/Img_txts/img027-019.csv,Q
data/Img_txts/img027-020.csv,Q
data/Img_txts/img027-021.csv,Q
data/Img_txts/img027-022.csv,Q
data/Img_txts/img027-023.csv,Q
data/Img_txts/img027-024.csv,Q
data/Img_txts/img027-025.csv,Q
data/Img_txts/img027-026.csv,Q
data/Img_txts/img027-027.csv,Q
data/Img_txts/img027-028.csv,Q
data/Img_txts/img027-029.csv,Q
data/Img_txts/img027-030.csv,Q
data/Img_txts/img027-031.csv,Q
data/Img_txts/img027-032.csv,Q
data/Img_txts/img027-033.csv,Q
data/Img_txts/img027-034.csv,Q
data/Img_txts/img027-035.csv,Q
data/Img_txts/img027-036.csv,Q
data/Img_txts/img027-037.csv,Q
data/Img_txts/img027-038.csv,Q
data/Img_txts/img027-039.csv,Q
data/Img_txts/img027-040.csv,Q
data/Img_txts/img027-041.csv,Q
data/Img_txts/img027-042.csv,Q
data/Img_txts/img027-043.csv,Q
data/Img_txts/img027-044.csv,Q
data/Img_txts/img027-045.csv,Q
data/Img_txts/img027-046.csv,Q
data/Img_txts/img027-047.csv,Q
data/Img_txts/img027-048.csv,Q
data/Img_txts/img027-049.csv,Q
data/Img_txts/img027-050.csv,Q
data/Img_txts/img027-051.csv,Q
data/Img_txts/img027-052.csv,Q
data/Img_txts/img027-053.csv,Q
data/Img_txts/img027-054.csv,Q
data/Img_txts/img027-055.csv,Q
data/Img_txts/img028-001.csv,R
data/Img_txts/img028-002.csv,R
data/Img_txts/img028-003.csv,R
data/Img_txts/img028-004.csv,R
data/Img_txts/img028-005.csv,R
data/Img_txts/img028-006.csv,R
data/Img_txts/img028-007.csv,R
data/Img_txts/img028-008.csv,R
data/Img_txts/img028-009.csv,R
data/Img_txts/img028-010.csv,R
data/Img_txts/img028-011.csv,R
data/Img_txts/img028-012.csv,R
data/Img_txts/img028-013.csv,R
data/Img_txts/img028-014.csv,R
data/Img_txts/img028-015.csv,R
data/Img_txts/img028-016.csv,R
data/Img_txts/img028-017.csv,R
data/Img_txts/img028-018.csv,R
data/Img_txts/img028-019.csv,R
data/Img_txts/img028-020.csv,R
data/Img_txts/img028-021.csv,R
data/Img_txts/img028-022.csv,R
data/Img_txts/img028-023.csv,R
data/Img_txts/img028-024.csv,R
data/Img_txts/img028-025.csv,R
data/Img_txts/img028-026.csv,R
data/Img_txts/img028-027.csv,R
data/Img_txts/img028-028.csv,R
data/Img_txts/img028-029.csv,R
data/Img_txts/img028-030.csv,R
data/Img_txts/img028-031.csv,R
data/Img_txts/img028-032.csv,R
data/Img_txts/img028-033.csv,R
data/Img_txts/img028-034.csv,R
data/Img_txts/img028-035.csv,R
data/Img_txts/img028-036.csv,R
data/Img_txts/img028-037.csv,R
data/Img_txts/img028-038.csv,R
data/Img_txts/img028-039.csv,R
data/Img_txts/img028-040.csv,R
data/Img_txts/img028-041.csv,R
data/Img_txts/img028-042.csv,R
data/Img_txts/img028-043.csv,R
data/Img_txts/img028-044.csv,R
data/Img_txts/img028-045.csv,R
data/Img_txts/img028-046.csv,R
data/Img_txts/img028-047.csv,R
data/Img_txts/img028-048.csv,R
data/Img_txts/img028-049.csv,R
data/Img_txts/img028-050.csv,R
data/Img_txts/img028-051.csv,R
data/Img_txts/img028-052.csv,R
data/Img_txts/img028-053.csv,R
data/Img_txts/img028-054.csv,R
data/Img_txts/img028-055.csv,R
data/Img_txts/img029-001.csv,S
data/Img_txts/img029-002.csv,S
data/Img_txts/img029-003.csv,S
data/Img_txts/img029-004.csv,S
data/Img_txts/img029-005.csv,S
data/Img_txts/img029-006.csv,S
data/Img_txts/img029-007.csv,S
data/Img_txts/img029-008.csv,S
data/Img_txts/img029-009.csv,S
data/Img_txts/img029-010.csv,S
data/Img_txts/img029-011.csv,S
data/Img_txts/img029-012.csv,S
data/Img_txts/img029-013.csv,S
data/Img_txts/img029-014.csv,S
data/Img_txts/img029-015.csv,S
data/Img_txts/img029-016.csv,S
data/Img_txts/img029-017.csv,S
data/Img_txts/img029-018.csv,S
data/Img_txts/img029-019.csv,S
data/Img_txts/img029-020.csv,S
data/Img_txts/img029-021.csv,S
data/Img_txts/img029-022.csv,S
data/Img_txts/img029-023.csv,S
data/Img_txts/img029-024.csv,S
data/Img_txts/img029-025.csv,S
data/Img_txts/img029-026.csv,S
data/Img_txts/img029-027.csv,S
data/Img_txts/img029-028.csv,S
data/Img_txts/img029-029.csv,S
data/Img_txts/img029-030.csv,S
data/Img_txts/img029-031.csv,S
data/Img_txts/img029-032.csv,S
data/Img_txts/img029-033.csv,S
data/Img_txts/img029-034.csv,S
data/Img_txts/img029-035.csv,S
data/Img_txts/img029-036.csv,S
data/Img_txts/img029-037.csv,S
data/Img_txts/img029-038.csv,S
data/Img_txts/img029-039.csv,S
data/Img_txts/img029-040.csv,S
data/Img_txts/img029-041.csv,S
data/Img_txts/img029-042.csv,S
data/Img_txts/img029-043.csv,S
data/Img_txts/img029-044.csv,S
data/Img_txts/img029-045.csv,S
data/Img_txts/img029-046.csv,S
data/Img_txts/img029-047.csv,S
data/Img_txts/img029-048.csv,S
data/Img_txts/img029-049.csv,S
data/Img_txts/img029-050.csv,S
data/Img_txts/img029-051.csv,S
data/Img_txts/img029-052.csv,S
data/Img_txts/img029-053.csv,S
data/Img_txts/img029-054.csv,S
data/Img_txts/img029-055.csv,S
data/Img_txts/img030-001.csv,T
data/Img_txts/img030-002.csv,T
data/Img_txts/img030-003.csv,T
data/Img_txts/img030-004.csv,T
data/Img_txts/img030-005.csv,T
data/Img_txts/img030-006.csv,T
data/Img_txts/img030-007.csv,T
data/Img_txts/img030-008.csv,T
data/Img_txts/img030-009.csv,T
data/Img_txts/img030-010.csv,T
data/Img_txts/img030-011.csv,T
data/Img_txts/img030-012.csv,T
data/Img_txts/img030-013.csv,T
data/Img_txts/img030-014.csv,T
data/Img_txts/img030-015.csv,T
data/Img_txts/img030-016.csv,T
data/Img_txts/img030-017.csv,T
data/Img_txts/img030-018.csv,T
data/Img_txts/img030-019.csv,T
data/Img_txts/img030-020.csv,T
data/Img_txts/img030-021.csv,T
data/Img_txts/img030-022.csv,T
data/Img_txts/img030-023.csv,T
data/Img_txts/img030-024.csv,T
data/Img_txts/img030-025.csv,T
data/Img_txts/img030-026.csv,T
data/Img_txts/img030-027.csv,T
data/Img_txts/img030-028.csv,T
data/Img_txts/img030-029.csv,T
data/Img_txts/img030-030.csv,T
data/Img_txts/img030-031.csv,T
data/Img_txts/img030-032.csv,T
data/Img_txts/img030-033.csv,T
data/Img_txts/img030-034.csv,T
data/Img_txts/img030-035.csv,T
data/Img_txts/img030-036.csv,T
data/Img_txts/img030-037.csv,T
data/Img_txts/img030-038.csv,T
data/Img_txts/img030-039.csv,T
data/Img_txts/img030-040.csv,T
data/Img_txts/img030-041.csv,T
data/Img_txts/img030-042.csv,T
data/Img_txts/img030-043.csv,T
data/Img_txts/img030-044.csv,T
data/Img_txts/img030-045.csv,T
data/Img_txts/img030-046.csv,T
data/Img_txts/img030-047.csv,T
data/Img_txts/img030-048.csv,T
data/Img_txts/img030-049.csv,T
data/Img_txts/img030-050.csv,T
data/Img_txts/img030-051.csv,T
data/Img_txts/img030-052.csv,T
data/Img_txts/img030-053.csv,T
data/Img_txts/img030-054.csv,T
data/Img_txts/img030-055.csv,T
data/Img_txts/img031-001.csv,U
data/Img_txts/img031-002.csv,U
data/Img_txts/img031-003.csv,U
data/Img_txts/img031-004.csv,U
data/Img_txts/img031-005.csv,U
data/Img_txts/img031-006.csv,U
data/Img_txts/img031-007.csv,U
data/Img_txts/img031-008.csv,U
data/Img_txts/img031-009.csv,U
data/Img_txts/img031-010.csv,U
data/Img_txts/img031-011.csv,U
data/Img_txts/img031-012.csv,U
data/Img_txts/img031-013.csv,U
data/Img_txts/img031-014.csv,U
data/Img_txts/img031-015.csv,U
data/Img_txts/img031-016.csv,U
data/Img_txts/img031-017.csv,U
data/Img_txts/img031-018.csv,U
data/Img_txts/img031-019.csv,U
data/Img_txts/img031-020.csv,U
data/Img_txts/img031-021.csv,U
data/Img_txts/img031-022.csv,U
data/Img_txts/img031-023.csv,U
data/Img_txts/img031-024.csv,U
data/Img_txts/img031-025.csv,U
data/Img_txts/img031-026.csv,U
data/Img_txts/img031-027.csv,U
data/Img_txts/img031-028.csv,U
data/Img_txts/img031-029.csv,U
data/Img_txts/img031-030.csv,U
data/Img_txts/img031-031.csv,U
data/Img_txts/img031-032.csv,U
data/Img_txts/img031-033.csv,U
data/Img_txts/img031-034.csv,U
data/Img_txts/img031-035.csv,U
data/Img_txts/img031-036.csv,U
data/Img_txts/img031-037.csv,U
data/Img_txts/img031-038.csv,U
data/Img_txts/img031-039.csv,U
data/Img_txts/img031-040.csv,U
data/Img_txts/img031-041.csv,U
data/Img_txts/img031-042.csv,U
data/Img_txts/img031-043.csv,U
data/Img_txts/img031-044.csv,U
data/Img_txts/img031-045.csv,U
data/Img_txts/img031-046.csv,U
data/Img_txts/img031-047.csv,U
data/Img_txts/img031-048.csv,U
data/Img_txts/img031-049.csv,U
data/Img_txts/img031-050.csv,U
data/Img_txts/img031-051.csv,U
data/Img_txts/img031-052.csv,U
data/Img_txts/img031-053.csv,U
data/Img_txts/img031-054.csv,U
data/Img_txts/img031-055.csv,U
data/Img_txts/img032-001.csv,V
data/Img_txts/img032-002.csv,V
data/Img_txts/img032-003.csv,V
data/Img_txts/img032-004.csv,V
data/Img_txts/img032-005.csv,V
data/Img_txts/img032-006.csv,V
data/Img_txts/img032-007.csv,V
data/Img_txts/img032-008.csv,V
data/Img_txts/img032-009.csv,V
data/Img_txts/img032-010.csv,V
data/Img_txts/img032-011.csv,V
data/Img_txts/img032-012.csv,V
data/Img_txts/img032-013.csv,V
data/Img_txts/img032-014.csv,V
data/Img_txts/img032-015.csv,V
data/Img_txts/img032-016.csv,V
data/Img_txts/img032-017.csv,V
data/Img_txts/img032-018.csv,V
data/Img_txts/img032-019.csv,V
data/Img_txts/img032-020.csv,V
data/Img_txts/img032-021.csv,V
data/Img_txts/img032-022.csv,V
data/Img_txts/img032-023.csv,V
data/Img_txts/img032-024.csv,V
data/Img_txts/img032-025.csv,V
data/Img_txts/img032-026.csv,V
data/Img_txts/img032-027.csv,V
data/Img_txts/img032-028.csv,V
data/Img_txts/img032-029.csv,V
data/Img_txts/img032-030.csv,V
data/Img_txts/img032-031.csv,V
data/Img_txts/img032-032.csv,V
data/Img_txts/img032-033.csv,V
data/Img_txts/img032-034.csv,V
data/Img_txts/img032-035.csv,V
data/Img_txts/img032-036.csv,V
data/Img_txts/img032-037.csv,V
data/Img_txts/img032-038.csv,V
data/Img_txts/img032-039.csv,V
data/Img_txts/img032-040.csv,V
data/Img_txts/img032-041.csv,V
data/Img_txts/img032-042.csv,V
data/Img_txts/img032-043.csv,V
data/Img_txts/img032-044.csv,V
data/Img_txts/img032-045.csv,V
data/Img_txts/img032-046.csv,V
data/Img_txts/img032-047.csv,V
data/Img_txts/img032-048.csv,V
data/Img_txts/img032-049.csv,V
data/Img_txts/img032-050.csv,V
data/Img_txts/img032-051.csv,V
data/Img_txts/img032-052.csv,V
data/Img_txts/img032-053.csv,V
data/Img_txts/img032-054.csv,V
data/Img_txts/img032-055.csv,V
data/Img_txts/img033-001.csv,W
data/Img_txts/img033-002.csv,W
data/Img_txts/img033-003.csv,W
data/Img_txts/img033-004.csv,W
data/Img_txts/img033-005.csv,W
data/Img_txts/img033-006.csv,W
data/Img_txts/img033-007.csv,W
data/Img_txts/img033-008.csv,W
data/Img_txts/img033-009.csv,W
data/Img_txts/img033-010.csv,W
data/Img_txts/img033-011.csv,W
data/Img_txts/img033-012.csv,W
data/Img_txts/img033-013.csv,W
data/Img_txts/img033-014.csv,W
data/Img_txts/img033-015.csv,W
data/Img_txts/img033-016.csv,W
data/Img_txts/img033-017.csv,W
data/Img_txts/img033-018.csv,W
data/Img_txts/img033-019.csv,W
data/Img_txts/img033-020.csv,W
data/Img_txts/img033-021.csv,W
data/Img_txts/img033-022.csv,W
data/Img_txts/img033-023.csv,W
data/Img_txts/img033-024.csv,W
data/Img_txts/img033-025.csv,W
data/Img_txts/img033-026.csv,W
data/Img_txts/img033-027.csv,W
data/Img_txts/img033-028.csv,W
data/Img_txts/img033-029.csv,W
data/Img_txts/img033-030.csv,W
data/Img_txts/img033-031.csv,W
data/Img_txts/img033-032.csv,W
data/Img_txts/img033-033.csv,W
data/Img_txts/img033-034.csv,W
data/Img_txts/img033-035.csv,W
data/Img_txts/img033-036.csv,W
data/Img_txts/img033-037.csv,W
data/Img_txts/img033-038.csv,W
data/Img_txts/img033-039.csv,W
data/Img_txts/img033-040.csv,W
data/Img_txts/img033-041.csv,W
data/Img_txts/img033-042.csv,W
data/Img_txts/img033-043.csv,W
data/Img_txts/img033-044.csv,W
data/Img_txts/img033-045.csv,W
data/Img_txts/img033-046.csv,W
data/Img_txts/img033-047.csv,W
data/Img_txts/img033-048.csv,W
data/Img_txts/img033-049.csv,W
data/Img_txts/img033-050.csv,W
data/Img_txts/img033-051.csv,W
data/Img_txts/img033-052.csv,W
data/Img_txts/img033-053.csv,W
data/Img_txts/img033-054.csv,W
data/Img_txts/img033-055.csv,W
data/Img_txts/img034-001.csv,X
data/Img_txts/img034-002.csv,X
data/Img_txts/img034-003.csv,X
data/Img_txts/img034-004.csv,X
data/Img_txts/img034-005.csv,X
data/Img_txts/img034-006.csv,X
data/Img_txts/img034-007.csv,X
data/Img_txts/img034-008.csv,X
data/Img_txts/img034-009.csv,X
data/Img_txts/img034-010.csv,X
data/Img_txts/img034-011.csv,X
data/Img_txts/img034-012.csv,X
data/Img_txts/img034-013.csv,X
data/Img_txts/img034-014.csv,X
data/Img_txts/img034-015.csv,X
data/Img_txts/img034-016.csv,X
data/Img_txts/img034-017.csv,X
data/Img_txts/img034-018.csv,X
data/Img_txts/img034-019.csv,X
data/Img_txts/img034-020.csv,X
data/Img_txts/img034-021.csv,X
data/Img_txts/img034-022.csv,X
data/Img_txts/img034-023.csv,X
data/Img_txts/img034-024.csv,X
data/Img_txts/img034-025.csv,X
data/Img_txts/img034-026.csv,X
data/Img_txts/img034-027.csv,X
data/Img_txts/img034-028.csv,X
data/Img_txts/img034-029.csv,X
data/Img_txts/img034-030.csv,X
data/Img_txts/img034-031.csv,X
data/Img_txts/img034-032.csv,X
data/Img_txts/img034-033.csv,X
data/Img_txts/img034-034.csv,X
data/Img_txts/img034-035.csv,X
data/Img_txts/img034-036.csv,X
data/Img_txts/img034-037.csv,X
data/Img_txts/img034-038.csv,X
data/Img_txts/img034-039.csv,X
data/Img_txts/img034-040.csv,X
data/Img_txts/img034-041.csv,X
data/Img_txts/img034-042.csv,X
data/Img_txts/img034-043.csv,X
data/Img_txts/img034-044.csv,X
data/Img_txts/img034-045.csv,X
data/Img_txts/img034-046.csv,X
data/Img_txts/img034-047.csv,X
data/Img_txts/img034-048.csv,X
data/Img_txts/img034-049.csv,X
data/Img_txts/img034-050.csv,X
data/Img_txts/img034-051.csv,X
data/Img_txts/img034-052.csv,X
data/Img_txts/img034-053.csv,X
data/Img_txts/img034-054.csv,X
data/Img_txts/img034-055.csv,X
data/Img_txts/img035-001.csv,Y
data/Img_txts/img035-002.csv,Y
data/Img_txts/img035-003.csv,Y
data/Img_txts/img035-004.csv,Y
data/Img_txts/img035-005.csv,Y
data/Img_txts/img035-006.csv,Y
data/Img_txts/img035-007.csv,Y
data/Img_txts/img035-008.csv,Y
data/Img_txts/img035-009.csv,Y
data/Img_txts/img035-010.csv,Y
data/Img_txts/img035-011.csv,Y
data/Img_txts/img035-012.csv,Y
data/Img_txts/img035-013.csv,Y
data/Img_txts/img035-014.csv,Y
data/Img_txts/img035-015.csv,Y
data/Img_txts/img035-016.csv,Y
data/Img_txts/img035-017.csv,Y
data/Img_txts/img035-018.csv,Y
data/Img_txts/img035-019.csv,Y
data/Img_txts/img035-020.csv,Y
data/Img_txts/img035-021.csv,Y
data/Img_txts/img035-022.csv,Y
data/Img_txts/img035-023.csv,Y
data/Img_txts/img035-024.csv,Y
data/Img_txts/img035-025.csv,Y
data/Img_txts/img035-026.csv,Y
data/Img_txts/img035-027.csv,Y
data/Img_txts/img035-028.csv,Y
data/Img_txts/img035-029.csv,Y
data/Img_txts/img035-030.csv,Y
data/Img_txts/img035-031.csv,Y
data/Img_txts/img035-032.csv,Y
data/Img_txts/img035-033.csv,Y
data/Img_txts/img035-034.csv,Y
data/Img_txts/img035-035.csv,Y
data/Img_txts/img035-036.csv,Y
data/Img_txts/img035-037.csv,Y
data/Img_txts/img035-038.csv,Y
data/Img_txts/img035-039.csv,Y
data/Img_txts/img035-040.csv,Y
data/Img_txts/img035-041.csv,Y
data/Img_txts/img035-042.csv,Y
data/Img_txts/img035-043.csv,Y
data/Img_txts/img035-044.csv,Y
data/Img_txts/img035-045.csv,Y
data/Img_txts/img035-046.csv,Y
data/Img_txts/img035-047.csv,Y
data/Img_txts/img035-048.csv,Y
data/Img_txts/img035-049.csv,Y
data/Img_txts/img035-050.csv,Y
data/Img_txts/img035-051.csv,Y
data/Img_txts/img035-052.csv,Y
data/Img_txts/img035-053.csv,Y
data/Img_txts/img035-054.csv,Y
data/Img_txts/img035-055.csv,Y
data/Img_txts/img036-001.csv,Z
data/Img_txts/img036-002.csv,Z
data/Img_txts/img036-003.csv,Z
data/Img_txts/img036-004.csv,Z
data/Img_txts/img036-005.csv,Z
data/Img_txts/img036-006.csv,Z
data/Img_txts/img036-007.csv,Z
data/Img_txts/img036-008.csv,Z
data/Img_txts/img036-009.csv,Z
data/Img_txts/img036-010.csv,Z
data/Img_txts/img036-011.csv,Z
data/Img_txts/img036-012.csv,Z
data/Img_txts/img036-013.csv,Z
data/Img_txts/img036-014.csv,Z
data/Img_txts/img036-015.csv,Z
data/Img_txts/img036-016.csv,Z
data/Img_txts/img036-017.csv,Z
data/Img_txts/img036-018.csv,Z
data/Img_txts/img036-019.csv,Z
data/Img_txts/img036-020.csv,Z
data/Img_txts/img036-021.csv,Z
data/Img_txts/img036-022.csv,Z
data/Img_txts/img036-023.csv,Z
data/Img_txts/img036-024.csv,Z
data/Img_txts/img036-025.csv,Z
data/Img_txts/img036-026.csv,Z
data/Img_txts/img036-027.csv,Z
data/Img_txts/img036-028.csv,Z
data/Img_txts/img036-029.csv,Z
data/Img_txts/img036-030.csv,Z
data/Img_txts/img036-031.csv,Z
data/Img_txts/img036-032.csv,Z
data/Img_txts/img036-033.csv,Z
data/Img_txts/img036-034.csv,Z
data/Img_txts/img036-035.csv,Z
data/Img_txts/img036-036.csv,Z
data/Img_txts/img036-037.csv,Z
data/Img_txts/img036-038.csv,Z
data/Img_txts/img036-039.csv,Z
data/Img_txts/img036-040.csv,Z
data/Img_txts/img036-041.csv,Z
data/Img_txts/img036-042.csv,Z
data/Img_txts/img036-043.csv,Z
data/Img_txts/img036-044.csv,Z
data/Img_txts/img036-045.csv,Z
data/Img_txts/img036-046.csv,Z
data/Img_txts/img036-047.csv,Z
data/Img_txts/img036-048.csv,Z
data/Img_txts/img036-049.csv,Z
data/Img_txts/img036-050.csv,Z
data/Img_txts/img036-051.csv,Z
data/Img_txts/img036-052.csv,Z
data/Img_txts/img036-053.csv,Z
data/Img_txts/img036-054.csv,Z
data/Img_txts/img036-055.csv,Z
